 ,
Acalanes Ridge CDP
Acampo CDP
Acton CDP
Adelanto city
Adin CDP
Agoura Hills city
Agua Dulce CDP
Aguanga CDP
Ahwahnee CDP
Airport CDP
Alameda city
Alamo CDP
Albany city
Albion CDP
Alderpoint CDP
Alhambra city
Alhambra Valley CDP
Aliso Viejo city
Alleghany CDP
Allendale CDP
Allensworth CDP
Almanor CDP
Alondra Park CDP
Alpaugh CDP
Alpine CDP
Alpine Village CDP
Alta CDP
Altadena CDP
Alta Sierra CDP
Alto CDP
Alturas city
Alum Rock CDP
Amador City city
American Canyon city
Amesti CDP
Anaheim city
Anchor Bay CDP
Anderson city
Angels city
Angwin CDP
Antelope CDP
Antioch city
Anza CDP
Apple Valley town
Aptos CDP
Aptos Hills-Larkin Valley CDP
Arbuckle CDP
Arcadia city
Arcata city
Arden-Arcade CDP
Armona CDP
Arnold CDP
Aromas CDP
Arroyo Grande city
Artesia city
Artois CDP
Arvin city
Ashland CDP
Aspen Springs CDP
Atascadero city
Atherton town
Atwater city
Auberry CDP
Auburn city
Auburn Lake Trails CDP
August CDP
Avalon city
Avenal city
Avery CDP
Avilla Beach CDP
Avocado Heights CDP
Azusa city
Baker CDP
Bakersfield city
Baldwin Park city
Ballard CDP
Ballico CDP
Bangor CDP
Banning city
Barstow city
Bass Lake CDP
Bay Point CDP
Bayview CDP
Bayview CDP
Beale AFB CDP
Bear Creek CDP
Bear Valley CDP
Bear Valley CDP
Bear Valley Springs CDP
Beaumont city
Beckwourth CDP
Belden CDP
Bell city
Bella Vista CDP
Bell Canyon CDP
Bellflower city
Bell Gardens city
Belmont city
Belvedere city
Benbow CDP
Bend CDP
Benicia city
Ben Lomond CDP
Benton CDP
Berkeley city
Bermuda Dunes CDP
Berry Creek CDP
Bertsch-Oceanview CDP
Bethel Island CDP
Beverly Hills city
Bieber CDP
Big Bear City CDP
Big Bear Lake city
Big Bend CDP
Big Creek CDP
Biggs city
Big Lagoon CDP
Big Pine CDP
Big River CDP
Biola CDP
Bishop city
Blackhawk CDP
Blacklake CDP
Black Point-Green Point CDP
Blairsden CDP
Bloomfield CDP
Bloomington CDP
Blue Lake city
Bluewater CDP
Blythe city
Bodega CDP
Bodega Bay CDP
Bodfish CDP
Bolinas CDP
Bombay Beach CDP
Bonadelle Ranchos-Madera Ranchos CDP
Bonita CDP
Bonny Doon CDP
Bonsall CDP
Boonville CDP
Bootjack CDP
Boron CDP
Boronda CDP
Borrego Springs CDP
Bostonia CDP
Boulder Creek CDP
Boulevard CDP
Bowles CDP
Boyes Hot Springs CDP
Bradbury city
Bradley CDP
Brawley city
Brea city
Brentwood city
Bret Harte CDP
Bridgeport CDP
Brisbane city
Broadmoor CDP
Brookdale CDP
Brooktrails CDP
Buckhorn CDP
Buck Meadows CDP
Bucks Lake CDP
Buellton city
Buena Park city
Buena Vista CDP
Burbank city
Burbank CDP
Burlingame city
Burney CDP
Burnt Ranch CDP
Butte Creek Canyon CDP
Butte Meadows CDP
Butte Valley CDP
Buttonwillow CDP
Byron CDP
Bystrom CDP
Cabazon CDP
Calabasas city
Calexico city
California City city
California Hot Springs CDP
California Pines CDP
Calimesa city
Calipatria city
Calistoga city
Callender CDP
Calpella CDP
Calpine CDP
Calwa CDP
Camanche North Shore CDP
Camanche Village CDP
Camarillo city
Cambria CDP
Cambrian Park CDP
Cameron Park CDP
Camino CDP
Camino Tassajara CDP
Campbell city
Camp Nelson CDP
Campo CDP
Camp Pendleton North CDP
Camp Pendleton South CDP
Camptonville CDP
Canby CDP
Cantua Creek CDP
Canyondam CDP
Canyon Lake city
Capitola city
Caribou CDP
Carlsbad city
Carmel-by-the-Sea city
Carmel Valley Village CDP
Carmet CDP
Carmichael CDP
Carnelian Bay CDP
Carpinteria city
Carrick CDP
Carson city
Cartago CDP
Caruthers CDP
Casa Conejo CDP
Casa de Oro-Mount Helix CDP
Casmalia CDP
Caspar CDP
Cassel CDP
Castaic CDP
Castle Hill CDP
Castro Valley CDP
Castroville CDP
Cathedral City city
Catheys Valley CDP
Cayucos CDP
Cazadero CDP
Cedar Ridge CDP
Cedar Slope CDP
Cedarville CDP
Centerville CDP
Ceres city
Cerritos city
Chalfant CDP
Challenge-Brownsville CDP
Channel Islands Beach CDP
Charter Oak CDP
Cherokee CDP
Cherokee Strip CDP
Cherryland CDP
Cherry Valley CDP
Chester CDP
Chico city
Chilcoot-Vinton CDP
China Lake Acres CDP
Chinese Camp CDP
Chino city
Chino Hills city
Chowchilla city
Chualar CDP
Chula Vista city
Citrus CDP
Citrus Heights city
Claremont city
Clarksburg CDP
Clay CDP
Clayton city
Clear Creek CDP
Clearlake city
Clearlake Oaks CDP
Clearlake Riviera CDP
Cleone CDP
Clio CDP
Clipper Mills CDP
Cloverdale city
Clovis city
Clyde CDP
Coachella city
Coalinga city
Coarsegold CDP
Cobb CDP
Coffee Creek CDP
Cohasset CDP
Cold Springs CDP
Cold Springs CDP
Coleville CDP
Colfax city
College City CDP
Collierville CDP
Colma town
Coloma CDP
Colton city
Columbia CDP
Colusa city
Commerce city
Comptche CDP
Compton city
Concord city
Concow CDP
Copperopolis CDP
Corcoran city
Corning city
Corona city
Coronado city
Coronita CDP
Corralitos CDP
Corte Madera town
Costa Mesa city
Cotati city
Coto de Caza CDP
Cottonwood CDP
Coultervillle CDP
Country Club CDP
Courtland CDP
Covelo CDP
Covina city
Cowan CDP
Crescent City city
Crescent Mills CDP
Cressey CDP
Crest CDP
Crestline CDP
Crestmore Heights CDP
Creston CDP
C-Road CDP
Crockett CDP
Cromberg CDP
Crowley Lake CDP
Crows Landing CDP
Cudahy city
Culver City city
Cupertino city
Cutler CDP
Cutten CDP
Cuyama CDP
Cypress city
Daly City city
Dana Point city
Danville town
Daphnedale Park CDP
Darwin CDP
Davenport CDP
Davis city
Day Valley CDP
Deer Park CDP
Del Aire CDP
Delano city
Delft Colony CDP
Delhi CDP
Delleker CDP
Del Mar city
Del Monte Forest CDP
Del Rey CDP
Del Rey Oaks city
Del Rio CDP
Denair CDP
Derby Acres CDP
Descanso CDP
Desert Center CDP
Desert Edge CDP
Desert Hot Springs city
Desert Palms CDP
Desert Shores CDP
Desert View Highlands CDP
Diablo CDP
Diablo Grande CDP
Diamond Bar city
Diamond Springs CDP
Dillon Beach CDP
Dinuba city
Discovery Bay CDP
Dixon city
Dixon Lane-Meadow Creek CDP
Dobbins CDP
Dogtown CDP
Dollar Point CDP
Dorrington CDP
Dorris city
Dos Palos city
Dos Palos Y CDP
Douglas City CDP
Downey city
Downieville CDP
Doyle CDP
Drytown CDP
Duarte city
Dublin city
Ducor CDP
Dunnigan CDP
Dunsmuir city
Durham CDP
Dustin Acres CDP
Dutch Flat CDP
Eagleville CDP
Earlimart CDP
East Foothills CDP
East Hemet CDP
East La Mirada CDP
East Los Angeles CDP
East Nicolaus CDP
East Oakdale CDP
Easton CDP
East Orosi CDP
East Palo Alto city
East Pasadena CDP
East Porterville CDP
East Quincy CDP
East Rancho Dominguez CDP
East Richmond Heights CDP
East San Gabriel CDP
East Shore CDP
East Sonora CDP
East Tulare Villa CDP
Eastvale CDP
Edgewood CDP
Edmundson Acres CDP
Edna CDP
Edwards AFB CDP
El Cajon city
El Centro city
El Cerrito city
El Cerrito CDP
El Dorado Hills CDP
Eldridge CDP
El Granada CDP
Elizabeth Lake CDP
Elk Creek CDP
Elk Grove city
Elkhorn CDP
Elmira CDP
El Monte city
El Nido CDP
El Paso de Robles (Paso Robles) city
El Portal CDP
El Rancho CDP
El Rio CDP
El Segundo city
El Sobrante CDP
El Sobrante CDP
El Verano CDP
Elverta CDP
Emerald Lake Hills CDP
Emeryville city
Empire CDP
Encinitas city
Escalon city
Escondido city
Esparto CDP
Etna city
Eucalyptus Hills CDP
Eureka city
Exeter city
Fairbanks Ranch CDP
Fairfax town
Fairfield city
Fairmead CDP
Fair Oaks CDP
Fairview CDP
Fallbrook CDP
Fall River Mills CDP
Farmersville city
Farmington CDP
Fellows CDP
Felton CDP
Ferndale city
Fetters Hot Springs-Agua Caliente CDP
Fiddletown CDP
Fieldbrook CDP
Fields Landing CDP
Fillmore city
Firebaugh city
Fish Camp CDP
Florence-Graham CDP
Florin CDP
Floriston CDP
Flournoy CDP
Folsom city
Fontana city
Foothill Farms CDP
Forbestown CDP
Ford City CDP
Foresthill CDP
Forest Meadows CDP
Forest Ranch CDP
Forestville CDP
Fort Bidwell CDP
Fort Bragg city
Fort Irwin CDP
Fort Jones city
Fortuna city
Fort Washington CDP
Foster City city
Fountain Valley city
Fowler city
Franklin CDP
Franklin CDP
Frazier Park CDP
Freedom CDP
Freeport CDP
Fremont city
French Camp CDP
French Gulch CDP
French Valley CDP
Fresno city
Friant CDP
Fruitdale CDP
Fruitridge Pocket CDP
Fuller Acres CDP
Fullerton city
Fulton CDP
Furnace Creek CDP
Galt city
Garberville CDP
Gardena city
Garden Acres CDP
Garden Farms CDP
Garden Grove city
Garey CDP
Garnet CDP
Gasquet CDP
Gazelle CDP
Georgetown CDP
Gerber CDP
Geyserville CDP
Gilroy city
Glen Avon CDP
Glendale city
Glendora city
Glen Ellen CDP
Golden Hills CDP
Gold Mountain CDP
Gold River CDP
Goleta city
Gonzales city
Good Hope CDP
Goodyears Bar CDP
Goshen CDP
Graeagle CDP
Grand Terrace city
Grangeville CDP
Granite Bay CDP
Granite Hills CDP
Graniteville CDP
Grass Valley city
Graton CDP
Grayson CDP
Greeley Hill CDP
Greenacres CDP
Green Acres CDP
Greenfield CDP
Greenfield city
Greenhorn CDP
Green Valley CDP
Green Valley CDP
Greenview CDP
Greenville CDP
Grenada CDP
Gridley city
Grimes CDP
Grizzly Flats CDP
Groveland CDP
Grover Beach city
Guadalupe city
Guerneville CDP
Guinda CDP
Gustine city
Hacienda Heights CDP
Half Moon Bay city
Hamilton Branch CDP
Hamilton City CDP
Hanford city
Happy Camp CDP
Harbison Canyon CDP
Hardwick CDP
Hartland CDP
Hartley CDP
Hasley Canyon CDP
Hat Creek CDP
Hawaiian Gardens city
Hawthorne city
Hayfork CDP
Hayward city
Healdsburg city
Heber CDP
Hemet city
Herald CDP
Hercules city
Herlong CDP
Hermosa Beach city
Hesperia city
Hickman CDP
Hidden Hills city
Hidden Meadows CDP
Hidden Valley Lake CDP
Highgrove CDP
Highland city
Highlands-Baywood Park CDP
Hillsborough town
Hilmar-Irwin CDP
Hiouchi CDP
Hollister city
Holtville city
Home Garden CDP
Home Gardens CDP
Homeland CDP
Homestead Valley CDP
Homewood Canyon CDP
Honcut CDP
Hood CDP
Hopland CDP
Hornbrook CDP
Hornitos CDP
Hughson city
Humboldt Hill CDP
Huntington Beach city
Huntington Park city
Huron city
Hyampom CDP
Hydesville CDP
Idlewild CDP
Idyllwild-Pine Cove CDP
Imperial city
Imperial Beach city
Independence CDP
Indian Falls CDP
Indianola CDP
Indian Wells city
Indio city
Indio Hills CDP
Industry city
Inglewood city
Interlaken CDP
Inverness CDP
Inyokern CDP
Ione city
Iron Horse CDP
Irvine city
Irwindale city
Isla Vista CDP
Isleton city
Ivanhoe CDP
Jackson city
Jacumba CDP
Jamestown CDP
Jamul CDP
Janesville CDP
Jenner CDP
Johannesburg CDP
Johnstonville CDP
Johnsville CDP
Joshua Tree CDP
Julian CDP
Junction City CDP
June Lake CDP
Keddie CDP
Keeler CDP
Keene CDP
Kelly Ridge CDP
Kelseyville CDP
Kennedy CDP
Kennedy Meadows CDP
Kensington CDP
Kentfield CDP
Kenwood CDP
Kerman city
Kernville CDP
Keswick CDP
Kettleman City CDP
Keyes CDP
King City city
Kings Beach CDP
Kingsburg city
Kingvale CDP
Kirkwood CDP
Klamath CDP
Knightsen CDP
Knights Landing CDP
La Ca¦ada Flintridge city
La Crescenta-Montrose CDP
Ladera CDP
Ladera Heights CDP
Ladera Ranch CDP
Lafayette city
Laguna Beach city
Laguna Hills city
Laguna Niguel city
Laguna Woods city
Lagunitas-Forest Knolls CDP
La Habra city
La Habra Heights city
La Honda CDP
Lake Almanor Country Club CDP
Lake Almanor Peninsula CDP
Lake Almanor West CDP
Lake Arrowhead CDP
Lake California CDP
Lake City CDP
Lake Davis CDP
Lake Don Pedro CDP
Lake Elsinore city
Lake Forest city
Lakehead CDP
Lake Hughes CDP
Lake Isabella CDP
Lakeland Village CDP
Lake Los Angeles CDP
Lake Mathews CDP
Lake Nacimiento CDP
Lake of the Pines CDP
Lake of the Woods CDP
Lakeport city
Lake Riverside CDP
Lake San Marcos CDP
Lake Sherwood CDP
Lakeside CDP
Lakeview CDP
Lake Wildwood CDP
Lakewood city
La Mesa city
La Mirada city
Lamont CDP
Lanare CDP
Lancaster city
La Palma city
La Porte CDP
La Presa CDP
La Puente city
La Quinta city
La Riviera CDP
Larkfield-Wikiup CDP
Larkspur city
La Selva Beach CDP
Las Flores CDP
Las Flores CDP
Las Lomas CDP
Lathrop city
Laton CDP
La Verne city
La Vina CDP
Lawndale city
Laytonville CDP
Lebec CDP
Lee Vining CDP
Leggett CDP
Le Grand CDP
Lemon Cove CDP
Lemon Grove city
Lemon Hill CDP
Lemoore city
Lemoore Station CDP
Lennox CDP
Lenwood CDP
Leona Valley CDP
Lewiston CDP
Lexington Hills CDP
Likely CDP
Lincoln city
Lincoln Village CDP
Linda CDP
Lindcove CDP
Linden CDP
Lindsay city
Linnell Camp CDP
Litchfield CDP
Little Grass Valley CDP
Little River CDP
Littlerock CDP
Live Oak CDP
Live Oak city
Livermore city
Livingston city
Lockeford CDP
Lockwood CDP
Lodi city
Lodoga CDP
Loleta CDP
Loma Linda city
Loma Mar CDP
Loma Rica CDP
Lomita city
Lompico CDP
Lompoc city
London CDP
Lone Pine CDP
Long Barn CDP
Long Beach city
Lookout CDP
Loomis town
Los Alamitos city
Los Alamos CDP
Los Altos city
Los Altos Hills town
Los Angeles city
Los Banos city
Los Berros CDP
Los Gatos town
Los Molinos CDP
Los Olivos CDP
Los Osos CDP
Los Ranchos CDP
Lost Hills CDP
Lower Lake CDP
Loyalton city
Loyola CDP
Lucas Valley-Marinwood CDP
Lucerne CDP
Lucerne Valley CDP
Lynwood city
Lytle Creek CDP
Mabie CDP
McArthur CDP
McClellan Park CDP
McClenney Tract CDP
McCloud CDP
Macdoel CDP
McFarland city
McGee Creek CDP
McKinleyville CDP
McKittrick CDP
McSwain CDP
Madera city
Madera Acres CDP
Madison CDP
Mad River CDP
Magalia CDP
Malaga CDP
Malibu city
Mammoth Lakes town
Manchester CDP
Manhattan Beach city
Manila CDP
Manteca city
Manton CDP
March ARB CDP
Maricopa city
Marina city
Marina del Rey CDP
Marin City CDP
Mariposa CDP
Markleeville CDP
Martell CDP
Martinez city
Marysville city
Matheny CDP
Mather CDP
Maxwell CDP
Mayfair CDP
Mayflower Village CDP
Maywood city
Meadowbrook CDP
Meadow Valley CDP
Meadow Vista CDP
Mead Valley CDP
Mecca CDP
Meiners Oaks CDP
Mendocino CDP
Mendota city
Menifee city
Menlo Park city
Mentone CDP
Merced city
Meridian CDP
Mesa CDP
Mesa Verde CDP
Mesa Vista CDP
Mettler CDP
Mexican Colony CDP
Middletown CDP
Midpines CDP
Midway City CDP
Milford CDP
Millbrae city
Mill Valley city
Millville CDP
Milpitas city
Mineral CDP
Minkler CDP
Mira Loma CDP
Mira Monte CDP
Miranda CDP
Mission Canyon CDP
Mission Hills CDP
Mission Viejo city
Mi-Wuk Village CDP
Modesto city
Mohawk Vista CDP
Mojave CDP
Mokelumne Hill CDP
Monmouth CDP
Mono City CDP
Mono Vista CDP
Monrovia city
Monson CDP
Montague city
Montalvin Manor CDP
Montara CDP
Montclair city
Montebello city
Montecito CDP
Monterey city
Monterey Park city
Monterey Park Tract CDP
Monte Rio CDP
Monte Sereno city
Montgomery Creek CDP
Monument Hills CDP
Moorpark city
Morada CDP
Moraga town
Moreno Valley city
Morgan Hill city
Morongo Valley CDP
Morro Bay city
Moskowite Corner CDP
Moss Beach CDP
Moss Landing CDP
Mountain Center CDP
Mountain Gate CDP
Mountain House CDP
Mountain Mesa CDP
Mountain Ranch CDP
Mountain View CDP
Mountain View city
Mountain View Acres CDP
Mount Hebron CDP
Mount Hermon CDP
Mount Laguna CDP
Mount Shasta city
Muir Beach CDP
Murphys CDP
Murrieta city
Muscoy CDP
Myers Flat CDP
Myrtletown CDP
Napa city
National City city
Needles city
Nevada City city
Newark city
Newcastle CDP
New Cuyama CDP
Newell CDP
Newman city
New Pine Creek CDP
Newport Beach city
Nicasio CDP
Nice CDP
Nicolaus CDP
Niland CDP
Nipinnawasee CDP
Nipomo CDP
Norco city
Nord CDP
Norris Canyon CDP
North Auburn CDP
North Edwards CDP
North El Monte CDP
North Fair Oaks CDP
North Gate CDP
North Highlands CDP
North Lakeport CDP
North Richmond CDP
North San Juan CDP
North Shore CDP
North Tustin CDP
Norwalk city
Novato city
Nubieber CDP
Nuevo CDP
Oakdale city
Oak Glen CDP
Oak Hills CDP
Oakhurst CDP
Oakland city
Oakley city
Oak Park CDP
Oak Shores CDP
Oak View CDP
Oakville CDP
Oasis CDP
Occidental CDP
Oceano CDP
Oceanside city
Ocotillo CDP
Oildale CDP
Ojai city
Olancha CDP
Old Fig Garden CDP
Old Station CDP
Olivehurst CDP
Ontario city
Onyx CDP
Pleasure Point CDP
Orange city
Orange Cove city
Orangevale CDP
Orcutt CDP
Orick CDP
Orinda city
Orland city
Orosi CDP
Oroville city
Oroville East CDP
Oxnard city
Pacheco CDP
Pacifica city
Pacific Grove city
Pajaro CDP
Pajaro Dunes CDP
Palermo CDP
Palmdale city
Palm Desert city
Palm Springs city
Palo Alto city
Palo Cedro CDP
Palos Verdes Estates city
Palo Verde CDP
Panorama Heights CDP
Paradise town
Paradise CDP
Paradise Park CDP
Paramount city
Parklawn CDP
Parksdale CDP
Parkway CDP
Parkwood CDP
Parlier city
Pasadena city
Pasatiempo CDP
Paskenta CDP
Patterson city
Patterson Tract CDP
Patton Village CDP
Paxton CDP
Paynes Creek CDP
Pearsonville CDP
Pedley CDP
Penngrove CDP
Penn Valley CDP
Penryn CDP
Perris city
Pescadero CDP
Petaluma city
Peters CDP
Phelan CDP
Phillipsville CDP
Philo CDP
Phoenix Lake CDP
Pico Rivera city
Piedmont city
Pierpoint CDP
Pike CDP
Pine Canyon CDP
Pine Flat CDP
Pine Grove CDP
Pine Hills CDP
Pine Mountain Club CDP
Pine Mountain Lake CDP
Pine Valley CDP
Pinole city
Pi¦on Hills CDP
Pioneer CDP
Piru CDP
Pismo Beach city
Pittsburg city
Pixley CDP
Placentia city
Placerville city
Plainview CDP
Planada CDP
Pleasant Hill city
Pleasanton city
Plumas Eureka CDP
Plumas Lake CDP
Plymouth city
Point Arena city
Point Reyes Station CDP
Pollock Pines CDP
Pomona city
Ponderosa CDP
Poplar-Cotton Center CDP
Port Costa CDP
Porterville city
Port Hueneme city
Portola city
Portola Valley town
Posey CDP
Poso Park CDP
Potrero CDP
Potter Valley CDP
Poway city
Prattville CDP
Princeton CDP
Proberta CDP
Prunedale CDP
Quartz Hill CDP
Quincy CDP
Rackerby CDP
Rail Road Flat CDP
Rainbow CDP
Raisin City CDP
Ramona CDP
Rancho Calaveras CDP
Rancho Cordova city
Rancho Cucamonga city
Rancho Mirage city
Rancho Murieta CDP
Rancho Palos Verdes city
Rancho San Diego CDP
Rancho Santa Fe CDP
Rancho Santa Margarita city
Rancho Tehama Reserve CDP
Randsburg CDP
Red Bluff city
Red Corral CDP
Redcrest CDP
Redding city
Redlands city
Redondo Beach city
Redway CDP
Redwood City city
Redwood Valley CDP
Reedley city
Reliez Valley CDP
Rialto city
Richfield CDP
Richgrove CDP
Richmond city
Richvale CDP
Ridgecrest city
Ridgemark CDP
Rio Dell city
Rio del Mar CDP
Rio Linda CDP
Rio Oso CDP
Rio Vista city
Ripley CDP
Ripon city
Riverbank city
Riverdale CDP
Riverdale Park CDP
River Pines CDP
Riverside city
Robbins CDP
Robinson Mill CDP
Rocklin city
Rodeo CDP
Rodriguez Camp CDP
Rohnert Park city
Rolling Hills city
Rolling Hills CDP
Rolling Hills Estates city
Rollingwood CDP
Romoland CDP
Rosamond CDP
Rosedale CDP
Rose Hills CDP
Roseland CDP
Rosemead city
Rosemont CDP
Roseville city
Ross town
Rossmoor CDP
Rough and Ready CDP
Round Mountain CDP
Round Valley CDP
Rouse CDP
Rowland Heights CDP
Rubidoux CDP
Running Springs CDP
Ruth CDP
Rutherford CDP
Sacramento city
St. Helena city
Salida CDP
Salinas city
Salmon Creek CDP
Salton City CDP
Salton Sea Beach CDP
Samoa CDP
San Andreas CDP
San Anselmo town
San Antonio Heights CDP
San Ardo CDP
San Bernardino city
San Bruno city
San Buenaventura (Ventura) city
San Carlos city
San Clemente city
Sand City city
San Diego city
San Diego Country Estates CDP
San Dimas city
San Fernando city
San Francisco city
San Gabriel city
Sanger city
San Geronimo CDP
San Jacinto city
San Joaquin city
San Jose city
San Juan Bautista city
San Juan Capistrano city
San Leandro city
San Lorenzo CDP
San Lucas CDP
San Luis Obispo city
San Marcos city
San Marino city
San Martin CDP
San Mateo city
San Miguel CDP
San Miguel CDP
San Pablo city
San Pasqual CDP
San Rafael city
San Ramon city
San Simeon CDP
Santa Ana city
Santa Barbara city
Santa Clara city
Santa Clarita city
Santa Cruz city
Santa Fe Springs city
Santa Margarita CDP
Santa Maria city
Santa Monica city
Santa Nella CDP
Santa Paula city
Santa Rosa city
Santa Rosa Valley CDP
Santa Susana CDP
Santa Venetia CDP
Santa Ynez CDP
Santee city
Saranap CDP
Saratoga city
Saticoy CDP
Sattley CDP
Sausalito city
Scotia CDP
Scotts Valley city
Seacliff CDP
Seal Beach city
Sea Ranch CDP
Searles Valley CDP
Seaside city
Sebastopol city
Seeley CDP
Selma city
Sequoia Crest CDP
Sereno del Mar CDP
Seville CDP
Shackelford CDP
Shafter city
Shandon CDP
Shasta CDP
Shasta Lake city
Shaver Lake CDP
Shell Ridge CDP
Shelter Cove CDP
Sheridan CDP
Shingle Springs CDP
Shingletown CDP
Shoshone CDP
Sierra Brooks CDP
Sierra City CDP
Sierra Madre city
Sierra Village CDP
Sierraville CDP
Signal Hill city
Silverado Resort CDP
Silver City CDP
Silver Lakes CDP
Simi Valley city
Sisquoc CDP
Sky Valley CDP
Sleepy Hollow CDP
Smartsville CDP
Smith Corner CDP
Smith River CDP
Snelling CDP
Soda Bay CDP
Soda Springs CDP
Solana Beach city
Soledad city
Solvang city
Sonoma city
Sonora city
Soquel CDP
Soulsbyville CDP
South Dos Palos CDP
South El Monte city
South Gate city
South Lake Tahoe city
South Monrovia Island CDP
South Oroville CDP
South Pasadena city
South San Francisco city
South San Gabriel CDP
South San Jose Hills CDP
South Taft CDP
South Whittier CDP
Spaulding CDP
Spreckels CDP
Spring Garden CDP
Spring Valley CDP
Spring Valley CDP
Spring Valley Lake CDP
Springville CDP
Squaw Valley CDP
Squirrel Mountain Valley CDP
Stallion Springs CDP
Stanford CDP
Stanton city
Stevenson Ranch CDP
Stevinson CDP
Stinson Beach CDP
Stirling City CDP
Stockton city
Stonyford CDP
Storrie CDP
Stratford CDP
Strathmore CDP
Strawberry CDP
Strawberry CDP
Sugarloaf Mountain Park CDP
Sugarloaf Saw Mill CDP
Sugarloaf Village CDP
Suisun City city
Sultana CDP
Summerland CDP
Sunnyside CDP
Sunnyside-Tahoe City CDP
Sunnyslope CDP
Sunny Slopes CDP
Sunnyvale city
Sunol CDP
Sunset Beach CDP
Sun Village CDP
Susanville city
Sutter CDP
Sutter Creek city
Swall Meadows CDP
Taft city
Taft Heights CDP
Taft Mosswood CDP
Tahoe Vista CDP
Tahoma CDP
Talmage CDP
Tamalpais-Homestead Valley CDP
Tara Hills CDP
Tarpey Village CDP
Taylorsville CDP
Tecopa CDP
Tehachapi city
Tehama city
Temecula city
Temelec CDP
Temescal Valley CDP
Temple City city
Templeton CDP
Tennant CDP
Terminous CDP
Terra Bella CDP
Teviston CDP
Thermal CDP
Thermalito CDP
Thornton CDP
Thousand Oaks city
Thousand Palms CDP
Three Rivers CDP
Three Rocks CDP
Tiburon town
Timber Cove CDP
Tipton CDP
Tobin CDP
Tomales CDP
Tonyville CDP
Tooleville CDP
Topanga CDP
Topaz CDP
Toro Canyon CDP
Torrance city
Tracy city
Tranquillity CDP
Traver CDP
Tres Pinos CDP
Trinidad city
Trinity Center CDP
Trinity Village CDP
Trona CDP
Trowbridge CDP
Truckee town
Tulare city
Tulelake city
Tuolumne City CDP
Tupman CDP
Turlock city
Tustin city
Tuttle CDP
Tuttletown CDP
Twain CDP
Twain Harte CDP
Twentynine Palms city
Twin Lakes CDP
Ukiah city
Union City city
University of California Davis CDP
University of California Merced CDP
Upland city
Upper Lake CDP
Vacaville city
Valinda CDP
Vallecito CDP
Vallejo city
Valle Vista CDP
Valley Acres CDP
Valley Center CDP
Valley Ford CDP
Valley Home CDP
Valley Ranch CDP
Valley Springs CDP
Valley Wells CDP
Val Verde CDP
Vandenberg AFB CDP
Vandenberg Village CDP
Verdi CDP
Vernon city
Victor CDP
Victorville city
View Park-Windsor Hills CDP
Villa Park city
Vina CDP
Vincent CDP
Vine Hill CDP
Vineyard CDP
Visalia city
Vista city
Vista Santa Rosa CDP
Volcano CDP
Volta CDP
Contra Costa Centre CDP
Walker CDP
Wallace CDP
Walnut city
Walnut Creek city
Walnut Grove CDP
Walnut Park CDP
Warm Springs CDP
Warner Valley CDP
Wasco city
Washington CDP
Waterford city
Waterloo CDP
Watsonville city
Waukena CDP
Wawona CDP
Weaverville CDP
Weed city
Weedpatch CDP
Weldon CDP
Weott CDP
West Athens CDP
West Bishop CDP
West Carson CDP
West Covina city
West Goshen CDP
Westhaven-Moonstone CDP
West Hollywood city
Westlake Village city
Westley CDP
West Menlo Park CDP
Westminster city
West Modesto CDP
Westmont CDP
Westmorland city
West Park CDP
West Point CDP
West Puente Valley CDP
West Rancho Dominguez CDP
West Sacramento city
West Whittier-Los Nietos CDP
Westwood CDP
Wheatland city
Whitehawk CDP
Whitewater CDP
Whitley Gardens CDP
Whittier city
Wildomar city
Wilkerson CDP
Williams city
Willits city
Willowbrook CDP
Willow Creek CDP
Willows city
Wilsonia CDP
Wilton CDP
Winchester CDP
Windsor town
Winter Gardens CDP
Winterhaven CDP
Winters city
Winton CDP
Wofford Heights CDP
Woodacre CDP
Woodbridge CDP
Woodcrest CDP
Woodlake city
Woodland city
Woodlands CDP
Woodside town
Woodville CDP
Wrightwood CDP
Yankee Hill CDP
Yettem CDP
Yolo CDP
Yorba Linda city
Yosemite Lakes CDP
Yosemite Valley CDP
Yountville city
Yreka city
Yuba City city
Yucaipa city
Yucca Valley town
Zayante CDP
